Frame,Centroids,Area
1,"[[161, 322]]",[571.0]
2,"[[161, 322]]",[579.5]
3,"[[163, 321]]",[385.0]
4,"[[161, 323]]",[580.0]
5,"[[159, 323]]",[685.5]
6,"[[155, 322]]",[1045.5]
7,"[[117, 378], [165, 321]]","[785.0, 292.0]"
8,"[[162, 321]]",[637.0]
9,"[[165, 321]]",[291.5]
10,"[[158, 323]]",[934.0]
11,"[[161, 320]]",[640.0]
12,"[[161, 320]]",[581.5]
13,"[[162, 322]]",[525.0]
14,"[[165, 321]]",[299.0]
15,"[[161, 320]]",[662.0]
16,"[[161, 319]]",[696.5]
17,"[[162, 320]]",[676.5]
18,"[[163, 320]]",[520.5]
19,"[[163, 320]]",[508.5]
20,"[[161, 320]]",[639.0]
21,"[[162, 320]]",[596.0]
22,"[[161, 320]]",[634.5]
23,"[[158, 320]]",[884.0]
24,"[[155, 322]]",[1022.5]
25,"[[161, 321]]",[651.5]
26,"[[161, 320]]",[651.0]
27,"[[161, 321]]",[637.5]
28,"[[163, 321]]",[503.5]
29,"[[165, 321]]",[300.5]
30,"[[165, 317]]",[372.5]
31,"[[187, 248], [150, 317]]","[7.0, 8806.0]"
32,"[[161, 322]]",[444.0]
33,"[[161, 323]]",[558.0]
34,"[[161, 323]]",[568.0]
35,"[[161, 323]]",[574.5]
36,"[[161, 324]]",[465.5]
37,"[[163, 323]]",[344.5]
38,"[[165, 323]]",[258.0]
39,"[[163, 322]]",[429.5]
40,"[[163, 321]]",[350.0]
41,"[[163, 320]]",[426.5]
42,"[[165, 319]]",[370.5]
43,"[[159, 322]]",[570.0]
44,"[[161, 324]]",[421.5]
45,"[[161, 322]]",[540.5]
46,"[[153, 316]]",[1078.0]
47,"[[159, 325]]",[1120.0]
48,"[[159, 321]]",[797.0]
49,"[[161, 321]]",[644.5]
50,"[[161, 319]]",[743.5]
51,"[[162, 320]]",[820.5]
52,"[[158, 324]]",[1631.5]
53,"[[157, 321]]",[1374.5]
54,"[[162, 316]]",[940.0]
55,"[[159, 320]]",[1685.0]
56,"[[158, 325]]",[1750.0]
57,"[[157, 323]]",[1615.5]
58,"[[157, 321]]",[1850.0]
59,"[[155, 318]]",[2228.5]
60,"[[118, 381], [156, 323]]","[856.0, 1428.5]"
61,"[[157, 322]]",[1690.0]
62,"[[153, 320]]",[4528.5]
63,"[[146, 314]]",[7402.0]
64,"[[156, 316]]",[2686.5]
65,"[[116, 319], [147, 315]]","[127.5, 7922.0]"
66,"[[158, 315]]",[2325.0]
67,"[[158, 312]]",[2359.0]
68,"[[156, 315], [305, 200]]","[2875.5, 817.5]"
69,"[[138, 290], [158, 320], [302, 202]]","[1.5, 2687.5, 720.5]"
70,"[[157, 319], [303, 197]]","[3110.5, 717.0]"
71,"[[131, 283], [149, 316], [301, 198]]","[151.5, 6042.5, 501.5]"
72,"[[156, 319], [303, 199]]","[1726.5, 722.5]"
73,"[[155, 319], [302, 204]]","[3118.5, 405.5]"
74,"[[155, 322], [298, 194]]","[1999.5, 626.5]"
75,"[[156, 318], [296, 198]]","[2609.5, 426.5]"
76,"[[157, 313], [298, 195]]","[1754.0, 776.0]"
77,"[[156, 319], [295, 194]]","[2099.0, 548.5]"
78,"[[181, 332], [160, 314]]","[12.0, 1784.0]"
79,"[[159, 313], [297, 203]]","[2802.0, 411.5]"
80,"[[162, 298]]",[2075.0]
81,"[[159, 308], [262, 225]]","[2416.5, 229.5]"
82,"[[160, 292], [264, 218]]","[5876.5, 184.0]"
83,"[[161, 311], [296, 196]]","[2814.5, 665.5]"
84,"[[142, 364], [167, 294]]","[2.5, 5530.0]"
85,"[[221, 349], [141, 257], [144, 252], [216, 257], [167, 302], [303, 209]]","[3.5, 19.5, 11.0, 196.5, 7491.0, 119.0]"
86,"[[175, 287], [298, 199]]","[3565.5, 558.0]"
87,"[[192, 336], [175, 301], [290, 197]]","[24.0, 2857.5, 316.5]"
88,"[[192, 337], [175, 301], [246, 254], [297, 190]]","[77.0, 2536.5, 1478.0, 325.5]"
89,"[[208, 377], [225, 364], [184, 276], [190, 221], [169, 298], [295, 199]]","[17.5, 132.5, 348.0, 70.5, 10401.5, 198.0]"
90,"[[192, 339], [195, 272], [185, 299], [242, 263]]","[27.5, 114.5, 3852.0, 393.0]"
91,"[[195, 272], [184, 300], [244, 260], [297, 190]]","[63.5, 4141.0, 799.0, 266.0]"
92,"[[184, 291], [246, 259], [290, 194]]","[4176.5, 686.0, 511.5]"
93,"[[220, 367], [166, 367], [243, 263], [145, 234], [176, 292], [293, 195]]","[11.5, 49.0, 438.5, 62.5, 7092.5, 240.5]"
94,"[[199, 338], [243, 263], [176, 298]]","[149.5, 582.0, 5595.0]"
95,"[[140, 234], [172, 295], [298, 200]]","[91.5, 6387.0, 483.5]"
96,"[[194, 336], [203, 325], [177, 269], [171, 292], [242, 265], [299, 192]]","[8.5, 6.5, 7.0, 4849.0, 664.0, 461.0]"
97,"[[247, 270], [169, 292]]","[351.5, 7584.0]"
98,"[[216, 380], [245, 266], [167, 294], [302, 207]]","[176.5, 534.0, 11725.0, 183.5]"
99,"[[209, 389], [219, 389], [247, 268], [158, 297], [300, 198]]","[30.5, 42.5, 416.0, 12530.5, 614.5]"
100,"[[245, 266], [159, 284], [298, 195]]","[507.0, 13510.5, 285.5]"
101,"[[174, 400], [223, 361], [223, 261], [162, 301]]","[22.0, 103.5, 45.5, 12538.0]"
102,"[[117, 383], [169, 291], [243, 259], [301, 197]]","[155.0, 3775.0, 1057.5, 759.5]"
103,"[[120, 387], [168, 303], [244, 264], [267, 231], [298, 200]]","[544.5, 3637.0, 700.5, 101.5, 533.5]"
104,"[[145, 265], [245, 272], [168, 296], [299, 197]]","[13.5, 368.5, 5417.0, 455.5]"
105,"[[173, 297], [245, 270], [301, 201]]","[3527.5, 440.0, 318.0]"
106,"[[170, 305], [245, 253]]","[3930.0, 1407.0]"
107,"[[215, 387], [179, 279], [173, 271], [140, 267], [245, 265], [227, 252], [163, 303]]","[291.0, 80.0, 24.0, 442.5, 614.5, 98.5, 9774.5]"
108,"[[221, 367], [181, 276], [240, 261], [170, 306], [263, 225]]","[140.0, 432.5, 975.0, 7991.5, 247.0]"
109,"[[215, 373], [178, 274], [245, 266], [226, 249], [169, 302], [301, 202]]","[6.0, 69.5, 610.0, 153.5, 7157.5, 495.5]"
110,"[[182, 279], [167, 307], [248, 257], [299, 198]]","[54.0, 7486.5, 1072.5, 616.0]"
111,"[[180, 277], [178, 264], [241, 264], [166, 310], [301, 202]]","[448.0, 6.0, 868.5, 8735.5, 596.5]"
112,"[[177, 278], [159, 329], [242, 252], [293, 200]]","[176.0, 10874.0, 1696.5, 179.5]"
113,"[[173, 400], [144, 399], [247, 269], [166, 308], [297, 197]]","[10.0, 33.5, 507.0, 12010.0, 246.0]"
114,"[[246, 268], [171, 303], [262, 226]]","[377.5, 5502.5, 233.0]"
115,"[[209, 377], [248, 279], [173, 300], [141, 235], [263, 229], [300, 203]]","[183.0, 127.0, 6892.0, 126.0, 366.0, 411.5]"
116,"[[170, 298], [245, 267], [303, 198]]","[3732.0, 482.5, 774.5]"
117,"[[269, 286], [162, 316], [248, 249], [304, 198]]","[4.5, 2735.5, 1615.5, 814.0]"
118,"[[162, 314], [245, 270], [285, 246], [303, 196]]","[2949.5, 418.5, 136.5, 755.0]"
119,"[[179, 296], [244, 252], [300, 205]]","[3907.5, 1217.0, 280.5]"
120,"[[167, 304], [245, 270], [263, 233], [301, 204]]","[2710.0, 409.5, 146.0, 201.0]"
121,"[[168, 304], [244, 272], [259, 229]]","[2760.0, 334.5, 232.5]"
122,"[[178, 295], [248, 248], [303, 207]]","[6160.0, 1592.0, 106.0]"
123,"[[167, 302], [244, 267], [265, 233], [303, 207]]","[3039.5, 550.5, 111.5, 197.5]"
124,"[[167, 302], [243, 266], [263, 229], [305, 205]]","[2339.5, 509.5, 243.0, 318.5]"
125,"[[201, 339], [171, 294], [245, 267]]","[28.5, 4049.5, 478.0]"
126,"[[173, 293], [245, 267], [302, 202]]","[3262.5, 510.5, 349.0]"
127,"[[174, 293], [245, 268]]","[2970.0, 532.0]"
128,"[[245, 258], [261, 235], [173, 285]]","[879.0, 11.0, 5354.5]"
129,"[[161, 314], [241, 263]]","[2048.0, 747.5]"
130,"[[247, 272], [212, 247], [174, 288], [262, 226]]","[301.0, 9.0, 3485.0, 259.0]"
131,"[[173, 288], [247, 249], [301, 208]]","[4716.0, 1662.5, 190.5]"
132,"[[246, 272], [170, 294], [263, 231], [302, 204]]","[293.0, 5802.5, 199.5, 515.5]"
133,"[[168, 296], [249, 249], [302, 204]]","[4545.0, 1488.0, 473.0]"
134,"[[167, 303], [241, 243], [245, 254], [304, 198]]","[2516.5, 73.0, 1199.5, 781.5]"
135,"[[169, 296], [247, 253], [304, 202]]","[5215.0, 1058.0, 606.0]"
136,"[[167, 295], [246, 251], [304, 202]]","[5357.0, 1449.0, 598.0]"
137,"[[161, 309], [248, 251], [303, 200]]","[2606.0, 1219.0, 652.5]"
138,"[[244, 264], [163, 298], [303, 200]]","[484.5, 4462.0, 645.0]"
139,"[[165, 302], [138, 226], [246, 248], [306, 197]]","[7362.5, 3.0, 1860.5, 800.5]"
140,"[[168, 290], [304, 200]]","[5681.0, 654.0]"
141,"[[166, 285], [251, 253], [306, 199]]","[4428.0, 880.5, 619.0]"
142,"[[165, 292], [250, 246]]","[2939.5, 1431.5]"
143,"[[164, 300], [247, 249], [307, 201]]","[4226.0, 1596.5, 550.5]"
144,"[[167, 293], [246, 251], [305, 205]]","[3262.0, 1435.0, 357.0]"
145,"[[167, 292], [248, 249], [305, 205]]","[7327.5, 1437.5, 390.5]"
146,"[[159, 290], [250, 249]]","[3825.0, 1212.0]"
147,"[[140, 250], [161, 299], [253, 234], [248, 249], [305, 199]]","[24.0, 3985.0, 7.5, 1555.5, 661.0]"
148,"[[155, 328]]",[1782.5]
149,"[[120, 384], [162, 304], [249, 249], [305, 208]]","[346.5, 2756.0, 1208.5, 316.5]"
150,"[[154, 301], [246, 251], [306, 202]]","[3896.0, 1479.5, 574.0]"
151,"[[148, 400], [172, 399], [152, 313], [247, 253], [306, 200]]","[18.5, 90.5, 8327.0, 1047.0, 614.5]"
152,"[[169, 404], [213, 382], [157, 311], [247, 251], [304, 200]]","[347.0, 2.5, 10487.0, 1443.5, 693.0]"
153,"[[116, 261], [129, 243], [248, 251], [158, 296], [305, 205]]","[59.5, 6.5, 1328.5, 6220.5, 370.0]"
154,"[[469, 429], [160, 309], [248, 252], [305, 202]]","[4419.0, 4702.5, 1099.5, 524.0]"
155,"[[161, 320], [245, 252], [306, 200]]","[4075.0, 1351.5, 588.0]"
156,"[[174, 399], [121, 313], [165, 269], [156, 309], [252, 243], [305, 202]]","[55.0, 4.0, 19.5, 10063.0, 1084.5, 460.0]"
157,"[[155, 305], [247, 252], [305, 202]]","[8089.0, 1461.5, 500.0]"
158,"[[156, 306], [251, 250], [304, 199]]","[6905.0, 269.5, 742.5]"
159,"[[162, 302], [247, 247], [306, 191]]","[2403.0, 1993.5, 1079.0]"
160,"[[203, 461], [81, 466], [165, 301], [248, 247], [303, 200]]","[2771.0, 8407.0, 1652.5, 1725.5, 675.5]"
161,"[[193, 334], [160, 301], [245, 254], [306, 200]]","[15.5, 4823.5, 1286.5, 586.5]"
162,"[[103, 479], [164, 311], [251, 240], [305, 200]]","[16887.0, 1918.0, 1172.5, 566.5]"
163,"[[293, 381], [178, 343], [158, 315], [250, 253], [303, 200]]","[2535.0, 29.5, 1772.5, 244.0, 650.0]"
164,"[[115, 375], [162, 306], [263, 233], [303, 208]]","[1065.5, 2627.5, 147.0, 233.5]"
165,"[[156, 325], [249, 247], [302, 200]]","[1272.5, 1962.0, 598.0]"
166,"[[137, 290], [137, 270], [163, 315], [254, 239], [303, 201]]","[24.0, 0.5, 2938.0, 692.5, 683.5]"
167,"[[164, 306], [301, 200]]","[2978.0, 733.5]"
168,"[[163, 296], [249, 247], [303, 205]]","[4282.5, 1902.0, 379.0]"
169,"[[161, 306], [248, 244], [304, 205]]","[3742.5, 1722.0, 278.5]"
170,"[[160, 310], [247, 249], [301, 199]]","[6384.0, 1864.5, 604.0]"
171,"[[160, 303], [247, 250], [304, 198]]","[4164.5, 1652.0, 769.0]"
172,"[[158, 313], [248, 250], [300, 203]]","[2224.0, 603.0, 360.0]"
173,"[[156, 318], [237, 254], [250, 241], [298, 198]]","[2467.5, 44.0, 1362.0, 654.0]"
174,"[[155, 319], [248, 248], [300, 202]]","[6875.5, 832.5, 486.5]"
175,"[[196, 337], [238, 254], [153, 311], [247, 246]]","[27.0, 103.5, 8861.5, 1489.5]"
176,"[[160, 313], [253, 241], [306, 207]]","[3633.0, 716.0, 287.5]"
177,"[[159, 317], [246, 248], [303, 203]]","[2766.0, 1444.5, 449.5]"
178,"[[159, 311], [250, 247], [305, 208]]","[3085.5, 732.0, 295.0]"
179,"[[162, 310], [247, 245], [303, 198]]","[1355.5, 1456.0, 752.5]"
180,"[[161, 308], [252, 240], [304, 202]]","[3111.0, 667.5, 426.0]"
181,"[[189, 334], [159, 306], [252, 239], [302, 204]]","[6.0, 3991.5, 837.0, 430.0]"
182,"[[157, 301], [253, 236], [302, 200]]","[8172.5, 833.0, 571.5]"
183,"[[160, 302], [251, 248], [302, 204]]","[4040.0, 2559.0, 282.0]"
184,"[[158, 311], [249, 246], [301, 204]]","[6632.5, 1454.5, 395.5]"
185,"[[155, 315], [250, 247]]","[6898.0, 622.0]"
186,"[[521, 427], [127, 368], [164, 294], [253, 241], [306, 207]]","[2971.0, 1092.0, 3646.5, 977.0, 299.0]"
187,"[[161, 313], [247, 247], [303, 205]]","[2662.0, 1200.5, 274.0]"
188,"[[163, 309], [252, 248], [244, 256]]","[2837.0, 75.5, 1500.0]"
189,"[[164, 308], [247, 247], [305, 199]]","[3567.5, 1482.0, 630.0]"
190,"[[135, 278], [155, 313], [253, 249], [247, 251]]","[254.5, 8307.5, 155.0, 1838.5]"
191,"[[252, 249], [161, 300], [246, 252]]","[115.0, 4375.0, 1582.5]"
192,"[[157, 304], [265, 224]]","[7556.0, 175.5]"
193,"[[115, 319], [153, 291], [245, 256], [157, 304], [246, 249], [307, 207]]","[56.0, 581.5, 145.5, 10236.5, 1688.5, 222.0]"
194,"[[116, 380], [161, 299], [244, 256], [308, 203]]","[347.0, 3880.5, 1533.5, 351.0]"
195,"[[245, 253], [160, 234], [164, 292], [307, 202]]","[1075.5, 62.5, 5504.5, 399.5]"
196,"[[165, 294], [244, 257], [306, 207]]","[4334.0, 1035.5, 202.5]"
197,"[[128, 367], [166, 290], [246, 257]]","[1069.0, 3109.5, 381.5]"
198,"[[169, 299], [246, 254], [308, 204]]","[4708.5, 979.5, 264.5]"
199,"[[168, 300], [248, 252]]","[4621.0, 624.5]"
200,"[[243, 256], [167, 294], [306, 200]]","[1201.5, 6743.5, 622.5]"
201,"[[164, 309], [244, 253], [306, 201]]","[3188.5, 1255.0, 548.0]"
202,"[[163, 302], [244, 252], [308, 202]]","[5463.5, 1569.0, 467.5]"
203,"[[196, 332], [169, 305], [244, 261], [306, 201]]","[71.5, 4498.5, 566.5, 555.0]"
204,"[[254, 249], [247, 251], [169, 285], [310, 202]]","[22.0, 1462.0, 5208.5, 243.5]"
205,"[[246, 255], [171, 282], [306, 202]]","[966.5, 3580.5, 418.0]"
206,"[[179, 287], [171, 311], [246, 254], [308, 201]]","[49.5, 3491.0, 1231.5, 455.0]"
207,"[[115, 381], [213, 303], [182, 283], [169, 307], [245, 254], [308, 203]]","[248.5, 28.0, 134.5, 2400.0, 1052.5, 372.0]"
208,"[[118, 381], [170, 304], [243, 255]]","[1035.0, 3070.0, 1203.0]"
209,"[[109, 367], [161, 313], [246, 248]]","[333.0, 2114.0, 1536.5]"
210,"[[164, 308], [248, 247], [306, 201]]","[1679.0, 1344.5, 537.0]"
211,"[[199, 332], [163, 308], [248, 247], [310, 203]]","[223.0, 1890.0, 1472.0, 280.5]"
212,"[[163, 306], [245, 252], [245, 254], [307, 199]]","[1626.0, 20.5, 1129.5, 654.0]"
213,"[[174, 292], [161, 306], [245, 252], [305, 203]]","[46.5, 2644.5, 1295.5, 515.0]"
214,"[[162, 311], [246, 247]]","[2064.0, 1575.5]"
215,"[[179, 289], [166, 309], [247, 249]]","[94.0, 2289.0, 1547.5]"
216,"[[171, 297], [244, 256], [307, 207]]","[4214.0, 966.0, 225.5]"
217,"[[137, 341], [141, 336], [241, 266], [159, 298], [254, 241], [308, 203]]","[4.0, 28.5, 436.0, 3599.5, 459.0, 361.5]"
218,"[[163, 316], [245, 260], [309, 206]]","[2675.0, 616.0, 168.0]"
219,"[[245, 256]]",[874.0]
220,"[[166, 301], [242, 257]]","[1969.0, 586.5]"
221,"[[164, 309]]",[1566.0]
222,"[[163, 303], [243, 251], [245, 253]]","[1892.0, 57.0, 1006.5]"
223,"[[165, 297], [247, 253]]","[1858.5, 1174.0]"
224,"[[119, 381], [162, 316], [249, 242]]","[1453.5, 2777.0, 495.0]"
225,"[[165, 302]]",[1986.0]
226,"[[161, 310], [245, 251]]","[2011.0, 1395.5]"
227,"[[163, 301], [254, 242]]","[2172.5, 339.5]"
228,"[[161, 318], [249, 246]]","[2189.5, 471.0]"
229,"[[202, 301], [161, 315]]","[155.5, 2239.0]"
230,"[[160, 315], [243, 261]]","[1723.5, 1160.5]"
231,"[[163, 312], [245, 256]]","[1890.0, 829.0]"
232,"[[163, 315], [242, 265]]","[3103.0, 503.0]"
233,"[[166, 303], [241, 265], [254, 246], [309, 206]]","[2656.0, 483.5, 160.5, 163.0]"
234,"[[163, 309], [242, 265], [252, 243]]","[1765.0, 492.5, 84.0]"
235,"[[196, 331], [163, 311], [241, 265], [253, 245]]","[119.5, 2035.0, 416.0, 111.0]"
236,"[[158, 315], [258, 251], [241, 266], [307, 207]]","[4793.0, 54.5, 434.5, 201.5]"
237,"[[159, 319], [241, 267], [255, 245]]","[2939.0, 436.5, 232.5]"
238,"[[156, 322], [255, 249], [240, 261], [310, 206]]","[2060.5, 91.0, 537.0, 158.0]"
239,"[[160, 310], [242, 267]]","[2055.0, 442.0]"
240,"[[157, 315]]",[2660.5]
241,"[[160, 318]]",[2116.0]
242,"[[159, 315]]",[3314.0]
243,"[[153, 313]]",[4445.5]
244,"[[159, 306]]",[2327.0]
245,"[[152, 311]]",[3873.0]
246,"[[131, 296], [159, 312], [121, 278]]","[12.0, 2107.5, 13.0]"
247,"[[162, 319]]",[863.0]
248,"[[163, 317], [247, 260], [310, 202]]","[1077.0, 864.0, 314.0]"
249,"[[155, 320]]",[1779.0]
250,"[[156, 322], [250, 255], [311, 203]]","[1468.0, 209.5, 492.0]"
251,"[[195, 331], [160, 319]]","[107.0, 1056.5]"
252,"[[161, 316], [310, 207]]","[1184.5, 177.0]"
253,"[[159, 318]]",[1834.5]
254,"[[167, 391], [161, 292], [120, 274], [160, 328]]","[44.5, 14.5, 15.5, 8089.0]"
255,"[[130, 304], [149, 307], [306, 200]]","[51.0, 4052.5, 509.5]"
256,"[[159, 320], [245, 260], [305, 201]]","[1213.5, 750.0, 539.0]"
257,"[[156, 322], [310, 202]]","[1430.0, 276.5]"
258,"[[158, 319]]",[1152.5]
259,"[[156, 325]]",[1974.0]
260,"[[157, 321]]",[1711.5]
261,"[[155, 321]]",[2060.5]
262,"[[154, 320]]",[1902.0]
263,"[[157, 320], [245, 268]]","[1169.0, 227.5]"
264,"[[156, 322]]",[1280.0]
265,"[[157, 321]]",[1574.0]
266,"[[159, 323]]",[863.0]
267,"[[159, 321]]",[970.5]
268,"[[159, 320]]",[914.0]
269,"[[157, 322]]",[1099.0]
270,"[[405, 481], [151, 322], [247, 262]]","[1845.0, 3171.5, 252.5]"
271,"[[152, 327], [243, 264]]","[2096.0, 265.5]"
272,"[[155, 329]]",[3096.0]
273,"[[154, 323]]",[1860.0]
274,"[[154, 320]]",[2214.0]
275,"[[161, 322]]",[534.0]
276,"[[150, 328]]",[1570.5]
277,"[[155, 324]]",[1410.0]
278,"[[156, 322]]",[2241.0]
279,"[[156, 323]]",[1235.0]
280,"[[141, 302], [153, 315]]","[52.5, 2665.5]"
281,"[[157, 322]]",[1357.5]
282,"[[158, 324]]",[1054.5]
283,"[[199, 333], [161, 322]]","[265.5, 590.5]"
284,"[[159, 321]]",[941.5]
285,"[[160, 323]]",[915.0]
286,"[[161, 321]]",[758.5]
287,"[[160, 323]]",[637.5]
288,"[[163, 323]]",[436.5]
289,"[[161, 322]]",[596.0]
290,"[[155, 325]]",[1000.5]
291,"[[155, 328]]",[1821.5]
292,"[[155, 328]]",[1740.5]
293,"[[154, 324]]",[1212.0]
294,"[[165, 327]]",[157.0]
295,"[[162, 323]]",[447.0]
296,"[[156, 324]]",[922.5]
297,"[[157, 329]]",[2288.5]
298,"[[156, 324]]",[942.0]
299,"[[153, 327]]",[1168.0]
300,"[[155, 331]]",[716.5]
301,"[[152, 327]]",[1244.5]
302,"[[154, 324]]",[1460.5]
303,"[[198, 330], [157, 322]]","[277.5, 867.5]"
304,"[[162, 324]]",[622.5]
305,"[[159, 321]]",[1061.5]
306,"[[159, 321]]",[884.0]
307,"[[161, 320]]",[725.0]
308,"[[161, 321]]",[650.5]
309,"[[161, 320]]",[724.0]
310,"[[160, 322]]",[604.5]
311,"[[156, 329]]",[701.0]
312,"[[157, 324]]",[879.0]
313,"[[163, 323]]",[464.0]
314,"[[180, 407], [141, 405], [197, 305], [193, 257], [151, 321]]","[169.0, 606.5, 1.5, 6.0, 7761.5]"
315,"[[155, 325]]",[1208.5]
316,"[[156, 324]]",[975.5]
317,"[[156, 324]]",[974.0]
318,"[[155, 324]]",[1100.0]
319,"[[156, 324]]",[811.5]
320,"[[158, 323]]",[961.5]
321,"[[157, 324]]",[876.0]
322,"[[161, 323]]",[565.5]
323,"[[160, 324]]",[554.0]
324,"[[157, 324]]",[835.5]
325,"[[159, 322]]",[769.0]
326,"[[154, 322]]",[1138.5]
327,"[[160, 323]]",[642.0]
328,"[[151, 327]]",[1647.5]
329,"[[153, 327]]",[1257.5]
330,"[[157, 328]]",[594.5]
331,"[[158, 328]]",[576.5]
332,"[[162, 320]]",[526.0]
333,"[[155, 325]]",[1003.0]
334,"[[159, 322]]",[816.0]
335,"[[148, 329]]",[1644.5]
336,"[[158, 323]]",[737.0]
337,"[[157, 324]]",[717.0]
338,"[[155, 326]]",[999.5]
339,"[[157, 328]]",[696.5]
340,"[[157, 329]]",[520.0]
341,"[[155, 328]]",[804.5]
342,"[[162, 328]]",[347.5]
343,"[[161, 325]]",[516.5]
344,"[[157, 322]]",[1048.0]
345,"[[161, 325]]",[605.0]
346,"[[159, 325]]",[567.5]
347,"[[157, 320]]",[1125.5]
348,"[[162, 323]]",[387.5]
349,"[[157, 322]]",[1066.5]
350,"[[157, 322]]",[1067.5]
351,"[[161, 320]]",[742.0]
352,"[[158, 319]]",[1017.5]
353,"[[159, 324]]",[658.5]
354,"[[159, 325]]",[589.5]
355,"[[176, 399], [120, 399], [141, 395], [109, 384], [106, 381], [107, 281], [117, 269], [151, 328]]","[50.0, 39.0, 168.0, 0.5, 4.0, 123.5, 3.5, 8188.0]"
356,"[[175, 399], [169, 393], [165, 389], [135, 394], [117, 372], [156, 307], [118, 279], [153, 326]]","[51.0, 1.0, 1.0, 314.0, 0.5, 44.5, 14.0, 5951.0]"
357,"[[121, 357], [151, 326]]","[6.0, 5873.5]"
358,"[[151, 333]]",[2360.5]
359,"[[149, 336]]",[2969.5]
360,"[[154, 326]]",[1376.5]
361,"[[155, 325]]",[1015.0]
362,"[[159, 324]]",[714.5]
363,"[[157, 325]]",[863.0]
364,"[[158, 327]]",[666.0]
365,"[[154, 332]]",[260.0]
366,"[[161, 322]]",[582.5]
367,"[[144, 331]]",[1061.5]
368,"[[143, 410], [159, 333]]","[1227.5, 145.0]"
369,"[[163, 325]]",[366.5]
370,"[[163, 326]]",[422.5]
371,"[[157, 324]]",[626.0]
372,"[[155, 324]]",[1305.0]
373,"[[157, 325]]",[913.0]
374,"[[160, 323]]",[542.0]
375,"[[161, 323]]",[331.5]
376,"[[160, 329]]",[314.0]
377,"[[155, 327]]",[921.5]
378,"[[159, 329]]",[287.0]
379,"[[163, 322]]",[419.0]
380,"[[160, 326]]",[503.5]
381,"[[154, 332]]",[651.5]
382,"[[518, 276]]",[6067.0]
383,"[[158, 325]]",[636.0]
384,"[[163, 328]]",[240.5]
385,"[[163, 319]]",[538.0]
386,"[[159, 324]]",[716.5]
387,"[[161, 323]]",[522.0]
388,"[[159, 324]]",[630.0]
389,"[[161, 325]]",[445.0]
390,"[[162, 326]]",[430.5]
391,"[[162, 325]]",[497.5]
392,"[[135, 402], [117, 345], [162, 329]]","[1147.5, 199.0, 243.5]"
393,"[[111, 350], [159, 323]]","[346.5, 843.5]"
394,"[[156, 323]]",[1508.0]
395,"[[153, 414], [165, 389], [160, 409], [201, 258], [123, 263], [114, 258], [156, 324]]","[11.5, 2.0, 915.0, 16.0, 86.0, 3.5, 8042.5]"
396,"[[170, 394], [138, 392], [154, 327]]","[49.5, 90.0, 6754.0]"
397,"[[129, 301], [188, 292], [154, 321]]","[22.5, 29.5, 4820.0]"
398,"[[158, 328]]",[2249.5]
399,"[[157, 324]]",[2228.0]
400,"[[156, 322]]",[1036.0]
401,"[[156, 323]]",[1009.5]
402,"[[157, 324]]",[1076.0]
403,"[[156, 322]]",[1067.5]
404,"[[159, 327]]",[628.5]
405,"[[157, 322]]",[1037.0]
406,"[[155, 323]]",[853.5]
407,"[[161, 324]]",[628.0]
408,"[[161, 320]]",[685.0]
409,"[[160, 320]]",[887.0]
410,"[[163, 321]]",[253.0]
411,"[[150, 333]]",[387.0]
412,"[[156, 328]]",[849.5]
413,"[[159, 323]]",[703.5]
414,"[[162, 321]]",[622.5]
415,"[[161, 325]]",[481.0]
416,"[[161, 331]]",[234.0]
417,"[[158, 324]]",[885.5]
418,"[[165, 328]]",[175.5]
419,"[[535, 281]]",[4227.0]
420,"[[163, 321]]",[503.0]
421,"[[158, 325]]",[715.5]
422,"[[161, 323]]",[553.5]
423,"[[155, 324]]",[1106.0]
424,"[[138, 293], [114, 271], [165, 313]]","[25.0, 19.0, 5290.5]"
425,"[[165, 320]]",[330.5]
426,"[[147, 331]]",[595.0]
427,"[[165, 321]]",[272.5]
428,"[[166, 323]]",[300.5]
429,"[[164, 322]]",[465.5]
430,"[[161, 325]]",[480.0]
431,"[[163, 324]]",[351.0]
432,"[[165, 322]]",[227.0]
433,"[[163, 301], [165, 322]]","[13.0, 8143.5]"
434,"[[156, 322]]",[1377.0]
435,"[[157, 325], [537, 301]]","[891.5, 2063.0]"
436,"[[157, 328]]",[2836.5]
437,"[[189, 280], [154, 318]]","[12.5, 3891.5]"
438,"[[157, 321]]",[1016.5]
439,"[[157, 323]]",[947.0]
440,"[[162, 320]]",[681.0]
441,"[[162, 322]]",[588.5]
442,"[[162, 321]]",[609.5]
443,"[[163, 321]]",[403.5]
444,"[[163, 321]]",[445.5]
445,"[[165, 321]]",[351.5]
446,"[[163, 320]]",[575.0]
447,"[[166, 327]]",[275.5]
448,"[[163, 321]]",[531.0]
449,"[[165, 331]]",[151.5]
450,"[[159, 331]]",[213.5]
451,"[[165, 320]]",[345.0]
452,"[[163, 321]]",[471.5]
453,"[[161, 321]]",[635.5]
454,"[[149, 322]]",[1860.5]
455,"[[156, 319]]",[1178.0]
456,"[[151, 318]]",[1670.0]
457,"[[165, 318]]",[420.5]
458,"[[161, 319]]",[703.5]
459,"[[163, 321]]",[509.0]
460,"[[163, 318]]",[572.0]
461,"[[167, 310]]",[653.0]
462,"[[162, 316]]",[991.0]
463,"[[167, 313]]",[558.5]
464,"[[165, 316]]",[449.5]
465,"[[167, 297]]",[221.5]
466,"[[164, 311]]",[953.5]
467,"[[165, 312]]",[808.0]
468,"[[162, 317]]",[763.5]
469,"[[163, 312]]",[970.0]
470,"[[168, 307]]",[756.5]
471,"[[174, 295]]",[198.0]
472,"[[167, 312]]",[566.5]
473,"[[167, 312]]",[585.5]
474,"[[167, 313]]",[544.0]
475,"[[167, 313]]",[534.5]
476,"[[181, 333], [167, 310]]","[1.0, 664.5]"
477,"[[180, 333], [167, 311]]","[11.0, 660.5]"
478,"[[181, 333], [166, 313]]","[1.0, 746.0]"
479,"[[167, 310]]",[633.0]
480,"[[165, 311]]",[782.0]
481,"[[184, 337], [144, 315]]","[25.0, 2838.5]"
482,"[[167, 313]]",[550.0]
483,"[[157, 317]]",[1647.0]
484,"[[159, 316]]",[1549.0]
485,"[[161, 314]]",[1375.0]
486,"[[135, 283], [156, 316]]","[23.5, 1849.0]"
487,"[[161, 313]]",[1146.0]
488,"[[165, 321]]",[475.5]
489,"[[147, 319]]",[2091.0]
490,"[[173, 296]]",[215.5]
491,"[[166, 310]]",[905.5]
492,"[[188, 292]]",[1947.0]
493,"[[148, 315]]",[2220.5]
494,"[[167, 308]]",[697.5]
495,"[[163, 313]]",[979.5]
496,"[[153, 317], [125, 290]]","[1695.0, 14.0]"
497,"[[165, 311]]",[808.0]
498,"[[165, 311]]",[792.5]
499,"[[163, 313]]",[972.5]
500,"[[159, 315]]",[1426.0]
501,"[[163, 313]]",[971.5]
502,"[[160, 315]]",[1204.0]
503,"[[155, 316]]",[1698.0]
504,"[[181, 332], [169, 308]]","[18.5, 489.5]"
505,"[[141, 315], [106, 273], [175, 265]]","[3203.5, 27.0, 203.0]"
506,"[[167, 310]]",[646.5]
507,"[[167, 310]]",[659.0]
508,"[[142, 329], [147, 316]]","[51.0, 2352.0]"
509,"[[143, 334], [146, 316]]","[62.0, 2743.5]"
510,"[[144, 319], [162, 317]]","[87.5, 952.5]"
511,"[[151, 314]]",[1904.0]
512,"[[153, 313]]",[1838.0]
513,"[[151, 320], [118, 297]]","[2029.5, 328.0]"
514,"[[152, 322], [120, 304]]","[1876.5, 235.5]"
515,"[[165, 316]]",[469.0]
516,"[[138, 341], [161, 315]]","[5.5, 1099.5]"
517,"[[153, 315]]",[1731.5]
518,"[[167, 311]]",[611.0]
519,"[[167, 310]]",[635.0]
520,"[[161, 315], [119, 311]]","[1227.0, 839.0]"
521,"[[161, 320]]",[961.0]
522,"[[167, 310]]",[663.5]
523,"[[165, 311]]",[855.0]
524,"[[161, 314], [119, 305]]","[1283.5, 921.5]"
525,"[[148, 318]]",[2237.5]
526,"[[161, 314]]",[1340.0]
527,"[[148, 329], [156, 318]]","[126.5, 1483.5]"
528,"[[150, 327], [159, 315]]","[153.0, 1419.5]"
529,"[[167, 310]]",[644.5]
530,"[[165, 311]]",[816.5]
531,"[[162, 315], [121, 307]]","[1041.5, 543.5]"
532,"[[162, 315]]",[1023.0]
533,"[[161, 313]]",[1311.5]
534,"[[157, 318]]",[1389.0]
535,"[[109, 315], [104, 277], [156, 313]]","[442.5, 164.0, 2008.5]"
536,"[[167, 313]]",[542.0]
537,"[[181, 332], [169, 308]]","[10.0, 465.5]"
538,"[[169, 308]]",[468.0]
539,"[[167, 311]]",[596.0]
540,"[[167, 308]]",[727.0]
541,"[[129, 292], [159, 315]]","[9.5, 1341.5]"
542,"[[167, 307]]",[748.0]
543,"[[167, 309]]",[631.0]
544,"[[167, 308]]",[627.5]
545,"[[167, 309], [197, 276]]","[617.0, 613.0]"
546,"[[167, 309]]",[652.0]
547,"[[167, 309], [527, 275]]","[675.0, 2143.0]"
548,"[[188, 293]]",[1643.5]
549,"[[167, 312]]",[559.5]
550,"[[167, 311], [207, 279]]","[531.5, 529.0]"
551,"[[181, 335], [167, 309]]","[4.0, 612.0]"
552,"[[133, 345], [152, 311]]","[9.0, 2421.5]"
553,"[[167, 313]]",[570.0]
554,"[[181, 333], [167, 313]]","[1.0, 564.0]"
555,"[[167, 311], [203, 277]]","[615.0, 771.5]"
556,"[[167, 309]]",[592.0]
557,"[[181, 331], [167, 311]]","[4.5, 604.0]"
558,"[[181, 335], [167, 312]]","[5.0, 536.0]"
559,"[[167, 309], [203, 277]]","[616.5, 616.5]"
560,"[[160, 328], [203, 278]]","[310.5, 608.5]"
561,"[[165, 328]]",[189.5]
562,"[[180, 333], [169, 310], [201, 275]]","[9.0, 377.0, 395.0]"
563,"[[152, 326]]",[1083.0]
564,"[[167, 326]]",[140.0]
565,"[[167, 311], [204, 277]]","[477.5, 649.0]"
566,"[[167, 311]]",[547.0]
567,"[[167, 305]]",[428.0]
568,"[[202, 274]]",[821.5]
569,"[[203, 292]]",[1557.5]
570,"[[206, 277]]",[587.0]
571,"[[203, 280]]",[708.0]
572,"[[205, 278]]",[538.5]
573,"[[543, 277]]",[2299.0]
